STATION,NAME,mes,promedio_tmax_c,dias_con_tmax
CI000085406,"ARICA, CI",1,26.09,1010
CI000085406,"ARICA, CI",2,26.61,948
CI000085406,"ARICA, CI",3,25.91,1119
CI000085406,"ARICA, CI",4,23.85,1046
CI000085406,"ARICA, CI",5,21.63,1100
CI000085406,"ARICA, CI",6,19.72,1054
CI000085406,"ARICA, CI",7,18.61,1100
CI000085406,"ARICA, CI",8,18.54,1112
CI000085406,"ARICA, CI",9,19.24,996
CI000085406,"ARICA, CI",10,20.68,1061
CI000085406,"ARICA, CI",11,22.53,1071
CI000085406,"ARICA, CI",12,24.44,1054
CI000085934,"PUNTA ARENAS, CI",1,15.8,787
CI000085934,"PUNTA ARENAS, CI",2,15.72,684
CI000085934,"PUNTA ARENAS, CI",3,13.89,780
CI000085934,"PUNTA ARENAS, CI",4,10.86,781
CI000085934,"PUNTA ARENAS, CI",5,7.58,782
CI000085934,"PUNTA ARENAS, CI",6,5.1,754
CI000085934,"PUNTA ARENAS, CI",7,4.71,722
CI000085934,"PUNTA ARENAS, CI",8,6.36,772
CI000085934,"PUNTA ARENAS, CI",9,8.87,698
CI000085934,"PUNTA ARENAS, CI",10,11.59,743
CI000085934,"PUNTA ARENAS, CI",11,13.51,771
CI000085934,"PUNTA ARENAS, CI",12,14.84,788
CIM00085574,"ARTURO MERINO BENITEZ INTERNATIONAL, CI",1,30.99,841
CIM00085574,"ARTURO MERINO BENITEZ INTERNATIONAL, CI",2,30.72,774
CIM00085574,"ARTURO MERINO BENITEZ INTERNATIONAL, CI",3,28.95,863
CIM00085574,"ARTURO MERINO BENITEZ INTERNATIONAL, CI",4,24.87,742
CIM00085574,"ARTURO MERINO BENITEZ INTERNATIONAL, CI",5,20.13,731
CIM00085574,"ARTURO MERINO BENITEZ INTERNATIONAL, CI",6,16.73,696
CIM00085574,"ARTURO MERINO BENITEZ INTERNATIONAL, CI",7,16.36,678
CIM00085574,"ARTURO MERINO BENITEZ INTERNATIONAL, CI",8,18.24,689
CIM00085574,"ARTURO MERINO BENITEZ INTERNATIONAL, CI",9,20.36,612
CIM00085574,"ARTURO MERINO BENITEZ INTERNATIONAL, CI",10,24.16,661
CIM00085574,"ARTURO MERINO BENITEZ INTERNATIONAL, CI",11,27.35,717
CIM00085574,"ARTURO MERINO BENITEZ INTERNATIONAL, CI",12,29.73,759
